"Path","Name","Extension","SizeKB","Width","Height"
"C:\Users\colle\saffron-restaurant\img\collage1.png","collage1.png","PNG","3174.33","1560","1074"
"C:\Users\colle\saffron-restaurant\img\collage2-bkp.png","collage2-bkp.png","PNG","2226.04","1078","1074"
"C:\Users\colle\saffron-restaurant\img\collage2.png","collage2.png","PNG","1641.46","1078","1074"
"C:\Users\colle\saffron-restaurant\img\slider\slide9.jpg","slide9.jpg","JPG","1445.41","4000","2670"
"C:\Users\colle\saffron-restaurant\img\dish\Velvet-Taco.jpg","Velvet-Taco.jpg","JPG","1342.25","5619","3746"
"C:\Users\colle\saffron-restaurant\img\slider\assembly_hp_hero.png","assembly_hp_hero.png","PNG","919.82","1920","999"
"C:\Users\colle\saffron-restaurant\img\spices.png","spices.png","PNG","916.15","1920","999"
"C:\Users\colle\saffron-restaurant\img\slider\spices.png","spices.png","PNG","916.15","1920","999"
"C:\Users\colle\saffron-restaurant\img\slider\slide1.png","slide1.png","PNG","816.77","1920","999"
"C:\Users\colle\saffron-restaurant\img\slider\authentic.png","authentic.png","PNG","788.13","1920","999"
"C:\Users\colle\saffron-restaurant\img\slider\slide4.png","slide4.png","PNG","767.45","1920","999"
"C:\Users\colle\saffron-restaurant\css\color\img\slider\slide1-1.jpg","slide1-1.jpg","JPG","719.61","1920","999"
"C:\Users\colle\saffron-restaurant\img\special-dishes-back1.png","special-dishes-back1.png","PNG","675.94","1920","731"
"C:\Users\colle\saffron-restaurant\img\slider\slide2.png","slide2.png","PNG","672.17","1920","999"
"C:\Users\colle\saffron-restaurant\css\color\img\slider\slide1-3.jpg","slide1-3.jpg","JPG","671.72","1920","999"
"C:\Users\colle\saffron-restaurant\img\slider\slide5.png","slide5.png","PNG","658.17","1920","999"
"C:\Users\colle\saffron-restaurant\css\color\img\slider\slide1-2.jpg","slide1-2.jpg","JPG","626.19","1920","999"
"C:\Users\colle\saffron-restaurant\css\color\img\slider\slide2-2.jpg","slide2-2.jpg","JPG","591.23","1920","880"
"C:\Users\colle\saffron-restaurant\img\dish\bhelpuri.png","bhelpuri.png","PNG","590.89","800","800"
"C:\Users\colle\saffron-restaurant\css\color\img\slider\slide3-2.jpg","slide3-2.jpg","JPG","529.59","1920","999"
"C:\Users\colle\saffron-restaurant\img\assembly_hp_hero.png","assembly_hp_hero.png","PNG","516.68","1035","850"
"C:\Users\colle\saffron-restaurant\img\dish\chicken-tandori.jpg","chicken-tandori.jpg","JPG","502.21","2500","2011"
"C:\Users\colle\saffron-restaurant\css\color\img\slider\slide2-1.jpg","slide2-1.jpg","JPG","500.71","1920","880"
"C:\Users\colle\saffron-restaurant\img\collage3.jpg","collage3.jpg","JPG","495.62","1078","1074"
"C:\Users\colle\saffron-restaurant\img\paanipuri1.png","paanipuri1.png","PNG","486.96","512","512"
"C:\Users\colle\saffron-restaurant\img\collage3-bkp.jpg","collage3-bkp.jpg","JPG","458.7","1078","1074"
"C:\Users\colle\saffron-restaurant\css\color\img\tasty-menu-back.png","tasty-menu-back.png","PNG","454.06","1920","1224"
"C:\Users\colle\saffron-restaurant\css\color\img\slider\slide3-3.jpg","slide3-3.jpg","JPG","448.84","1920","999"
"C:\Users\colle\saffron-restaurant\img\tomatosoup.png","tomatosoup.png","PNG","414.58","512","512"
"C:\Users\colle\saffron-restaurant\img\chef\chef2.jpeg","chef2.jpeg","JPEG","396.71","1078","1074"
"C:\Users\colle\saffron-restaurant\img\dish\ice-cream.jpeg","ice-cream.jpeg","JPEG","379.68","800","800"
"C:\Users\colle\saffron-restaurant\img\paanipuri.jpg","paanipuri.jpg","JPG","369.3","1560","1074"
"C:\Users\colle\saffron-restaurant\img\dish\reshmi.png","reshmi.png","PNG","359.19","800","800"
"C:\Users\colle\saffron-restaurant\fonts\fontawesome-webfont.svg","fontawesome-webfont.svg","SVG","357.69",,
"C:\Users\colle\saffron-restaurant\img\chef\chef.jpeg","chef.jpeg","JPEG","342.67","1078","1074"
"C:\Users\colle\saffron-restaurant\css\color\img\slider\slide3-1.jpg","slide3-1.jpg","JPG","317.98","1920","999"
"C:\Users\colle\saffron-restaurant\img\chef\1.png","1.png","PNG","299.6","470","472"
"C:\Users\colle\saffron-restaurant\img\dish\saffron_chicken.png","saffron_chicken.png","PNG","293.49","1000","600"
"C:\Users\colle\saffron-restaurant\css\color\img\slider\slide2-3.jpg","slide2-3.jpg","JPG","283.25","1920","880"
"C:\Users\colle\saffron-restaurant\css\color\img\client\back.png","back.png","PNG","275.69","1917","678"
"C:\Users\colle\saffron-restaurant\css\color\img\inner-page-banner.jpg","inner-page-banner.jpg","JPG","264.67","1920","723"
"C:\Users\colle\saffron-restaurant\img\dish\client1.png","client1.png","PNG","260.32","739","645"
"C:\Users\colle\saffron-restaurant\img\client\client1.png","client1.png","PNG","260.32","739","645"
"C:\Users\colle\saffron-restaurant\img\dish\saffron_chicken-539.png","saffron_chicken-539.png","PNG","252.92","510","539"
"C:\Users\colle\saffron-restaurant\img\slider\assembly_hp_hero.jpg","assembly_hp_hero.jpg","JPG","247","1920","999"
"C:\Users\colle\saffron-restaurant\img\slider\spices.jpg","spices.jpg","JPG","226.59","1920","999"
"C:\Users\colle\saffron-restaurant\img\dish\tandoori-chicken.gif","tandoori-chicken.gif","GIF","224.9","800","800"
"C:\Users\colle\saffron-restaurant\img\slider\slide11.jpg","slide11.jpg","JPG","203","2560","1707"
"C:\Users\colle\saffron-restaurant\img\client\client.jpg","client.jpg","JPG","202.4","1280","500"
"C:\Users\colle\saffron-restaurant\kolambi.jpg","kolambi.jpg","JPG","182.44","800","600"
"C:\Users\colle\saffron-restaurant\css\color\img\single-recipe.jpg","single-recipe.jpg","JPG","180.72","880","516"
"C:\Users\colle\saffron-restaurant\css\color\img\award1-back.jpg","award1-back.jpg","JPG","173.04","1920","804"
"C:\Users\colle\saffron-restaurant\css\color\img\reservation-banner.png","reservation-banner.png","PNG","170.6","325","524"
"C:\Users\colle\saffron-restaurant\img\slider\slide10.jpg","slide10.jpg","JPG","167.38","2560","1707"
"C:\Users\colle\saffron-restaurant\img\special-dishes-back2.jpg","special-dishes-back2.jpg","JPG","167.12","1920","731"
"C:\Users\colle\saffron-restaurant\img\dish\masala-chai.gif","masala-chai.gif","GIF","165.08","800","800"
"C:\Users\colle\saffron-restaurant\img\Rotating-Pizza-Slice-Preloader.gif","Rotating-Pizza-Slice-Preloader.gif","GIF","161.99","880","440"
"C:\Users\colle\saffron-restaurant\img\dish\shakes.jpg","shakes.jpg","JPG","154.21","800","800"
"C:\Users\colle\saffron-restaurant\img\slider\authentic.jpg","authentic.jpg","JPG","146.63","1920","999"
"C:\Users\colle\saffron-restaurant\img\slider\slide5.jpg","slide5.jpg","JPG","146.42","2500","1327"
"C:\Users\colle\saffron-restaurant\css\color\img\client\left-back2.jpg","left-back2.jpg","JPG","143.55","700","673"
"C:\Users\colle\saffron-restaurant\img\special-dishes-back3.jpg","special-dishes-back3.jpg","JPG","142.19","1920","731"
"C:\Users\colle\saffron-restaurant\css\color\img\chef\1.png","1.png","PNG","139.43","470","472"
"C:\Users\colle\saffron-restaurant\img\dish\carrot-halwa.jpg","carrot-halwa.jpg","JPG","136.62","800","800"
"C:\Users\colle\saffron-restaurant\img\chef\12.jpeg","12.jpeg","JPEG","130.58","512","512"
"C:\Users\colle\saffron-restaurant\img\dish\veg-bir.jpg","veg-bir.jpg","JPG","129.34","800","800"
"C:\Users\colle\saffron-restaurant\img\slider\slide1.jpg","slide1.jpg","JPG","128.22","1200","770"
"C:\Users\colle\saffron-restaurant\css\color\img\special-dishes-back.jpg","special-dishes-back.jpg","JPG","128.02","1920","731"
"C:\Users\colle\saffron-restaurant\css\color\img\table-reservation1.jpg","table-reservation1.jpg","JPG","127.8","1920","522"
"C:\Users\colle\saffron-restaurant\css\color\img\blog\5.jpg","5.jpg","JPG","127.59","803","417"
"C:\Users\colle\saffron-restaurant\css\color\img\client\left-back.jpg","left-back.jpg","JPG","126.76","739","645"
"C:\Users\colle\saffron-restaurant\img\chef\about-img.jpeg","about-img.jpeg","JPEG","124.17","512","512"
"C:\Users\colle\saffron-restaurant\img\slider\slide6.jpg","slide6.jpg","JPG","123.75","1500","1000"
"C:\Users\colle\saffron-restaurant\img\chef\11.jpeg","11.jpeg","JPEG","122.9","512","512"
"C:\Users\colle\saffron-restaurant\img\tasty-menu-back.jpg","tasty-menu-back.jpg","JPG","116.86","1920","1224"
"C:\Users\colle\saffron-restaurant\css\color\img\dish\single-menu4.jpg","single-menu4.jpg","JPG","116.71","739","428"
"C:\Users\colle\saffron-restaurant\img\dish\vegsamosa.jpg","vegsamosa.jpg","JPG","115.34","800","800"
"C:\Users\colle\saffron-restaurant\img\dish\paanipuri.jpg","paanipuri.jpg","JPG","113.2","800","800"
"C:\Users\colle\saffron-restaurant\img\dish\Manchurian_gobi.jpg","Manchurian_gobi.jpg","JPG","112.94","800","800"
"C:\Users\colle\saffron-restaurant\img\dish\chanarice.jpeg","chanarice.jpeg","JPEG","112.62","800","800"
"C:\Users\colle\saffron-restaurant\img\dish\tandoori-chicken.jpg","tandoori-chicken.jpg","JPG","111.61","800","800"
"C:\Users\colle\saffron-restaurant\css\color\img\blog\4.jpg","4.jpg","JPG","109.4","803","417"
"C:\Users\colle\saffron-restaurant\css\color\img\dish\single-menu2.jpg","single-menu2.jpg","JPG","108.99","739","428"
"C:\Users\colle\saffron-restaurant\img\dish\noodles-.png","noodles-.png","PNG","107.95","354","295"
"C:\Users\colle\saffron-restaurant\fonts\glyphicons-halflings-regular.svg","glyphicons-halflings-regular.svg","SVG","106.47",,
"C:\Users\colle\saffron-restaurant\img\dish\chicken tikka.jpg","chicken tikka.jpg","JPG","105.99","800","800"
"C:\Users\colle\saffron-restaurant\css\color\img\dish\single-menu1.jpg","single-menu1.jpg","JPG","105.77","739","428"
"C:\Users\colle\saffron-restaurant\img\dish\paanipuri-101.jpg","paanipuri-101.jpg","JPG","101.02","800","800"
"C:\Users\colle\saffron-restaurant\css\color\img\dish\single-menu3.jpg","single-menu3.jpg","JPG","100","739","428"
"C:\Users\colle\saffron-restaurant\samosa_1.jpg","samosa_1.jpg","JPG","99.81","800","600"
"C:\Users\colle\saffron-restaurant\img\dish\vegsamosa_bkp.jpg","vegsamosa_bkp.jpg","JPG","99.81","800","600"
"C:\Users\colle\saffron-restaurant\img\dish\lambton.jpg","lambton.jpg","JPG","98.73","800","800"
"C:\Users\colle\saffron-restaurant\img\dish\chicken-tikka.jpg","chicken-tikka.jpg","JPG","96.38","800","800"
"C:\Users\colle\saffron-restaurant\img\dish\vegnoodles.jpg","vegnoodles.jpg","JPG","92.43","800","800"
"C:\Users\colle\saffron-restaurant\img\table-reservation.jpg","table-reservation.jpg","JPG","92.34","1920","522"
"C:\Users\colle\saffron-restaurant\img\dish\chana-masala-bowl.jpg","chana-masala-bowl.jpg","JPG","92.29","800","800"
"C:\Users\colle\saffron-restaurant\img\dish\Bhel-Puri--bowl.jpg","Bhel-Puri--bowl.jpg","JPG","91.68","805","765"
"C:\Users\colle\saffron-restaurant\img\dish\CHICKEN BIRYANI.jpg","CHICKEN BIRYANI.jpg","JPG","90.03","800","800"
"C:\Users\colle\saffron-restaurant\img\dish\nan-bread.jpg","nan-bread.jpg","JPG","88.58","800","800"
"C:\Users\colle\saffron-restaurant\img\slider\slide7.jpg","slide7.jpg","JPG","88.18","1000","1500"
"C:\Users\colle\saffron-restaurant\img\slider\slide4.jpg","slide4.jpg","JPG","85.74","1920","568"
"C:\Users\colle\saffron-restaurant\css\color\img\recipe-of-the-day-banner.jpg","recipe-of-the-day-banner.jpg","JPG","85.49","510","539"
"C:\Users\colle\saffron-restaurant\img\halal.png","halal.png","PNG","84.23","360","360"
"C:\Users\colle\saffron-restaurant\img\dish\PANNER BIRYANI.jpg","PANNER BIRYANI.jpg","JPG","83.85","800","800"
"C:\Users\colle\saffron-restaurant\img\dish\bhel2-bowl.jpg","bhel2-bowl.jpg","JPG","83.23","1200","900"
"C:\Users\colle\saffron-restaurant\img\dish\vegbiryani.jpg","vegbiryani.jpg","JPG","83.22","800","800"
"C:\Users\colle\saffron-restaurant\img\dish\tikka-masal-bowl.jpg","tikka-masal-bowl.jpg","JPG","83.21","800","800"
"C:\Users\colle\saffron-restaurant\img\dish\rice-kheer.jpg","rice-kheer.jpg","JPG","82.66","800","800"
"C:\Users\colle\saffron-restaurant\img\dish\malai-curry.jpg","malai-curry.jpg","JPG","82.65","800","800"
"C:\Users\colle\saffron-restaurant\css\color\img\blog\2.jpg","2.jpg","JPG","82.35","803","417"
"C:\Users\colle\saffron-restaurant\img\dish\reshmi.jpg","reshmi.jpg","JPG","81.54","800","800"
"C:\Users\colle\saffron-restaurant\img\dish\bhel-puri-re.jpg","bhel-puri-re.jpg","JPG","80.86","600","600"
"C:\Users\colle\saffron-restaurant\css\color\img\blog\3.jpg","3.jpg","JPG","80.15","803","417"
"C:\Users\colle\saffron-restaurant\css\color\img\about1-banner1.jpg","about1-banner1.jpg","JPG","80.03","571","530"
"C:\Users\colle\saffron-restaurant\img\dish\TANDOORI CHIKEN.jpg","TANDOORI CHIKEN.jpg","JPG","79.06","800","800"
"C:\Users\colle\saffron-restaurant\img\dish\chanarice-bkp.jpeg","chanarice-bkp.jpeg","JPEG","78.66","800","800"
"C:\Users\colle\saffron-restaurant\img\dish\lambton-bkp.jpg","lambton-bkp.jpg","JPG","77.79","800","800"
"C:\Users\colle\saffron-restaurant\img\dish\gougra-bir-new.jpg","gougra-bir-new.jpg","JPG","76.48","720","720"
"C:\Users\colle\saffron-restaurant\img\client\cl1.webp","cl1.webp","WEBP","75.66",,
"C:\Users\colle\saffron-restaurant\img\dish\toor-dal-tadka.jpg","toor-dal-tadka.jpg","JPG","75.65","800","800"
"C:\Users\colle\saffron-restaurant\css\color\img\reservation2-back.png","reservation2-back.png","PNG","75.49","556","613"
"C:\Users\colle\saffron-restaurant\img\dish\CHIKEN-SAMOSA.jpg","CHIKEN-SAMOSA.jpg","JPG","74.32","800","800"
"C:\Users\colle\saffron-restaurant\css\color\img\about1-banner2.jpg","about1-banner2.jpg","JPG","73.72","571","530"
"C:\Users\colle\saffron-restaurant\img\dish\daal-bowl.jpg","daal-bowl.jpg","JPG","72.33","800","800"
"C:\Users\colle\saffron-restaurant\img\dish\samosa.jpg","samosa.jpg","JPG","71.72","1200","1201"
"C:\Users\colle\saffron-restaurant\pani_Puri.jpg","pani_Puri.jpg","JPG","69.57","512","512"
"C:\Users\colle\saffron-restaurant\img\dish\paanipuri_bkp.jpg","paanipuri_bkp.jpg","JPG","69.57","512","512"
"C:\Users\colle\saffron-restaurant\img\dish\bhel-bowl.jpg","bhel-bowl.jpg","JPG","69.25","800","800"
"C:\Users\colle\saffron-restaurant\img\dish\gougra-bir.jpg","gougra-bir.jpg","JPG","69.21","800","800"
"C:\Users\colle\saffron-restaurant\img\dish\lamb-Boti-Kabab.jpg","lamb-Boti-Kabab.jpg","JPG","68.65","650","918"
"C:\Users\colle\saffron-restaurant\img\dish\Smoke-chicken.jpg","Smoke-chicken.jpg","JPG","67.82","751","655"
"C:\Users\colle\saffron-restaurant\img\dish\egg-biryaani.jpg","egg-biryaani.jpg","JPG","64.84","800","800"
"C:\Users\colle\saffron-restaurant\css\color\img\blog\1.jpg","1.jpg","JPG","64.06","803","417"
"C:\Users\colle\saffron-restaurant\img\dish\TANDOORI-CHIKEN.jpg","TANDOORI-CHIKEN.jpg","JPG","63.81","512","512"
"C:\Users\colle\saffron-restaurant\img\dish\paneer-tikka.jpg","paneer-tikka.jpg","JPG","60.39","800","800"
"C:\Users\colle\saffron-restaurant\img\dish\ras-malai.jpg","ras-malai.jpg","JPG","55.98","800","800"
"C:\Users\colle\saffron-restaurant\css\color\img\about2-back.jpg","about2-back.jpg","JPG","54.77","1920","597"
"C:\Users\colle\saffron-restaurant\img\dish\client-back.jpg","client-back.jpg","JPG","54.63","1917","678"
"C:\Users\colle\saffron-restaurant\img\client\client-back.jpg","client-back.jpg","JPG","54.63","1917","678"
"C:\Users\colle\saffron-restaurant\img\dish\CHICKEN-BIRYANI.jpg","CHICKEN-BIRYANI.jpg","JPG","54.61","512","512"
"C:\Users\colle\saffron-restaurant\img\dish\bhel-puri.jpg","bhel-puri.jpg","JPG","54.22","600","600"
"C:\Users\colle\saffron-restaurant\css\color\img\food-menu-back.png","food-menu-back.png","PNG","53.02","722","643"
"C:\Users\colle\saffron-restaurant\img\dish\mango-lassi.jpg","mango-lassi.jpg","JPG","52.71","800","800"
"C:\Users\colle\saffron-restaurant\img\dish\PANNER-BIRYANI.jpg","PANNER-BIRYANI.jpg","JPG","50.47","512","512"
"C:\Users\colle\saffron-restaurant\img\dish\kingfisher-l.jpg","kingfisher-l.jpg","JPG","50.3","800","800"
"C:\Users\colle\saffron-restaurant\img\dish\CHIKEN-TIKKAM.jpg","CHIKEN-TIKKAM.jpg","JPG","49.92","512","512"
"C:\Users\colle\saffron-restaurant\img\slider\slide3.jpg","slide3.jpg","JPG","49.5","550","309"
"C:\Users\colle\saffron-restaurant\css\color\img\recipe-box2-3.jpg","recipe-box2-3.jpg","JPG","48.09","377","251"
"C:\Users\colle\saffron-restaurant\css\font\Flaticon.svg","Flaticon.svg","SVG","47.15",,
"C:\Users\colle\saffron-restaurant\img\dish\TANDOORI-CHIKEN-bkp.jpg","TANDOORI-CHIKEN-bkp.jpg","JPG","46.82","512","512"
"C:\Users\colle\saffron-restaurant\img\dish\VEG-BIRYANI.jpg","VEG-BIRYANI.jpg","JPG","46.42","800","800"
"C:\Users\colle\saffron-restaurant\img\dish\chicken-reshmi.jpg","chicken-reshmi.jpg","JPG","45.92","800","800"
"C:\Users\colle\saffron-restaurant\img\dish\coco-tom-soup.jpg","coco-tom-soup.jpg","JPG","45.89","800","800"
"C:\Users\colle\saffron-restaurant\img\client\client1.jpg","client1.jpg","JPG","44.3","739","645"
"C:\Users\colle\saffron-restaurant\img\dish\chicken-malai-tikka-510x539.jpg","chicken-malai-tikka-510x539.jpg","JPG","44.15","510","539"
"C:\Users\colle\saffron-restaurant\img\dish\sambar-soup.jpg","sambar-soup.jpg","JPG","43.42","800","800"
"C:\Users\colle\saffron-restaurant\img\soft-chicken-kabab.jpg","soft-chicken-kabab.jpg","JPG","42.46","510","539"
"C:\Users\colle\saffron-restaurant\img\dish\chicken-tikka-510x539.jpg","chicken-tikka-510x539.jpg","JPG","41.58","510","539"
"C:\Users\colle\saffron-restaurant\img\dish\samosa-n.jpg","samosa-n.jpg","JPG","41.34","800","800"
"C:\Users\colle\saffron-restaurant\img\dish\chicken-manchow.jpg","chicken-manchow.jpg","JPG","40.6","800","800"
"C:\Users\colle\saffron-restaurant\img\dish\veg-keema-bir.jpg","veg-keema-bir.jpg","JPG","40.13","800","800"
"C:\Users\colle\saffron-restaurant\img\dish\veg-manchow.jpg","veg-manchow.jpg","JPG","38.39","800","800"
"C:\Users\colle\saffron-restaurant\css\color\img\dish\37.jpg","37.jpg","JPG","37.87","272","342"
"C:\Users\colle\saffron-restaurant\css\color\img\chef\single-chef.jpg","single-chef.jpg","JPG","37.6","500","635"
"C:\Users\colle\saffron-restaurant\img\dish\LENTIL YELLOW.jpg","LENTIL YELLOW.jpg","JPG","37.22","800","800"
"C:\Users\colle\saffron-restaurant\css\color\img\about1-bottom-back.png","about1-bottom-back.png","PNG","37.01","1472","82"
"C:\Users\colle\saffron-restaurant\img\slider\slide3-1.jpg","slide3-1.jpg","JPG","37","1920","999"
"C:\Users\colle\saffron-restaurant\img\slider\slide3-3.jpg","slide3-3.jpg","JPG","37","1920","999"
"C:\Users\colle\saffron-restaurant\img\slider\slide3-2.jpg","slide3-2.jpg","JPG","37","1920","999"
"C:\Users\colle\saffron-restaurant\img\slider\slide1-1.jpg","slide1-1.jpg","JPG","37","1920","999"
"C:\Users\colle\saffron-restaurant\img\slider\slide1-2.jpg","slide1-2.jpg","JPG","37","1920","999"
"C:\Users\colle\saffron-restaurant\img\slider\slide1-3.jpg","slide1-3.jpg","JPG","37","1920","999"
"C:\Users\colle\saffron-restaurant\img\dish\chicken-wings-510x539.jpg","chicken-wings-510x539.jpg","JPG","36.52","510","539"
"C:\Users\colle\saffron-restaurant\css\color\img\dish\38.jpg","38.jpg","JPG","36.45","272","342"
"C:\Users\colle\saffron-restaurant\css\color\img\dish\35.jpg","35.jpg","JPG","36.31","272","342"
"C:\Users\colle\saffron-restaurant\img\dish\CHIKEN TIKKAM.jpg","CHIKEN TIKKAM.jpg","JPG","36.21","800","800"
"C:\Users\colle\saffron-restaurant\img\dish\Tandoori-mix-grill-800x800.jpg","Tandoori-mix-grill-800x800.jpg","JPG","36.13","800","800"
"C:\Users\colle\saffron-restaurant\css\color\img\recipe-box2-2.jpg","recipe-box2-2.jpg","JPG","34.95","377","251"
"C:\Users\colle\saffron-restaurant\img\slider\slide2-1.jpg","slide2-1.jpg","JPG","34.87","1920","880"
"C:\Users\colle\saffron-restaurant\img\slider\slide2-3.jpg","slide2-3.jpg","JPG","34.87","1920","880"
"C:\Users\colle\saffron-restaurant\img\slider\slide2-2.jpg","slide2-2.jpg","JPG","34.87","1920","880"
"C:\Users\colle\saffron-restaurant\css\color\img\dish\menu5-back1.jpg","menu5-back1.jpg","JPG","34.82","570","164"
"C:\Users\colle\saffron-restaurant\img\dish\CHIKEN -SAMOSA.jpg","CHIKEN -SAMOSA.jpg","JPG","34.46","800","800"
"C:\Users\colle\saffron-restaurant\img\dish\chicken-kofta-makhni.jpg","chicken-kofta-makhni.jpg","JPG","34.32","510","539"
"C:\Users\colle\saffron-restaurant\img\dish\VEG-SAMOSA.jpg","VEG-SAMOSA.jpg","JPG","34.21","800","800"
"C:\Users\colle\saffron-restaurant\css\color\img\dish\39.jpg","39.jpg","JPG","33.65","272","342"
"C:\Users\colle\saffron-restaurant\img\dish\samosa-n-1.jpg","samosa-n-1.jpg","JPG","33.13","805","765"
"C:\Users\colle\saffron-restaurant\img\slider\slide2.jpg","slide2.jpg","JPG","32.3","550","367"
"C:\Users\colle\saffron-restaurant\img\award1-back.jpg","award1-back.jpg","JPG","32.07","1920","804"
"C:\Users\colle\saffron-restaurant\css\color\img\table-reservation2.jpg","table-reservation2.jpg","JPG","31.76","1920","621"
"C:\Users\colle\saffron-restaurant\css\color\img\dish\40.jpg","40.jpg","JPG","31.35","272","342"
"C:\Users\colle\saffron-restaurant\img\inner-page-banner.jpg","inner-page-banner.jpg","JPG","30.87","1920","723"
"C:\Users\colle\saffron-restaurant\img\table-reservation1.jpg","table-reservation1.jpg","JPG","30.61","1920","522"
"C:\Users\colle\saffron-restaurant\img\about2-back.jpg","about2-back.jpg","JPG","30.21","1920","597"
"C:\Users\colle\saffron-restaurant\css\color\img\dish\31.jpg","31.jpg","JPG","30.01","272","342"
"C:\Users\colle\saffron-restaurant\img\table-reservation2.jpg","table-reservation2.jpg","JPG","29.66","1920","621"
"C:\Users\colle\saffron-restaurant\css\color\img\dish\33.jpg","33.jpg","JPG","29.42","272","342"
"C:\Users\colle\saffron-restaurant\css\color\img\dish\menu5-back2.jpg","menu5-back2.jpg","JPG","29.17","570","164"
"C:\Users\colle\saffron-restaurant\img\special-dishes-back.jpg","special-dishes-back.jpg","JPG","29.1","1920","731"
"C:\Users\colle\saffron-restaurant\img\section-back.png","section-back.png","PNG","28.29","235","189"
"C:\Users\colle\saffron-restaurant\css\color\img\dish\25.jpg","25.jpg","JPG","27.94","282","259"
"C:\Users\colle\saffron-restaurant\css\color\img\dish\32.jpg","32.jpg","JPG","27.87","272","342"
"C:\Users\colle\saffron-restaurant\css\color\img\team\2.jpg","2.jpg","JPG","27.84","370","522"
"C:\Users\colle\saffron-restaurant\img\dish\custed-apple.jpg","custed-apple.jpg","JPG","26.78","800","800"
"C:\Users\colle\saffron-restaurant\css\color\img\dish\menu5-back4.jpg","menu5-back4.jpg","JPG","26.33","570","164"
"C:\Users\colle\saffron-restaurant\css\color\img\dish\41.jpg","41.jpg","JPG","25.94","272","342"
"C:\Users\colle\saffron-restaurant\css\color\img\recipe-box2-1.jpg","recipe-box2-1.jpg","JPG","25.61","377","251"
"C:\Users\colle\saffron-restaurant\css\color\img\dish\36.jpg","36.jpg","JPG","25.11","272","342"
"C:\Users\colle\saffron-restaurant\css\color\img\dish\27.jpg","27.jpg","JPG","24.95","282","259"
"C:\Users\colle\saffron-restaurant\css\color\img\dish\30.jpg","30.jpg","JPG","24.48","282","259"
"C:\Users\colle\saffron-restaurant\css\color\img\dish\24.jpg","24.jpg","JPG","24.36","282","259"
"C:\Users\colle\saffron-restaurant\css\color\img\dish\1.png","1.png","PNG","24.3","170","170"
"C:\Users\colle\saffron-restaurant\img\dish\chicken-hot-sour.jpg","chicken-hot-sour.jpg","JPG","24.1","800","800"
"C:\Users\colle\saffron-restaurant\css\color\img\dish\23.jpg","23.jpg","JPG","24","282","259"
"C:\Users\colle\saffron-restaurant\img\logo.png","logo.png","PNG","23.64","1940","542"
"C:\Users\colle\saffron-restaurant\css\color\img\preloader.gif","preloader.gif","GIF","23.54","300","49"
"C:\Users\colle\saffron-restaurant\css\color\img\dish\13.jpg","13.jpg","JPG","22.79","272","194"
"C:\Users\colle\saffron-restaurant\css\color\img\dish\11.jpg","11.jpg","JPG","22.56","272","194"
"C:\Users\colle\saffron-restaurant\img\chef\1.jpg","1.jpg","JPG","22.4","470","472"
"C:\Users\colle\saffron-restaurant\css\color\img\dish\19.jpg","19.jpg","JPG","21.87","272","194"
"C:\Users\colle\saffron-restaurant\css\color\img\dish\menu5-back3.jpg","menu5-back3.jpg","JPG","21.72","570","164"
"C:\Users\colle\saffron-restaurant\css\color\img\team\1.jpg","1.jpg","JPG","21.49","370","522"
"C:\Users\colle\saffron-restaurant\img\dish\LENTIL-YELLOW.jpg","LENTIL-YELLOW.jpg","JPG","21.17","512","512"
"C:\Users\colle\saffron-restaurant\css\color\img\team\3.jpg","3.jpg","JPG","20.81","370","522"
"C:\Users\colle\saffron-restaurant\css\color\img\dish\29.jpg","29.jpg","JPG","20.8","282","259"
"C:\Users\colle\saffron-restaurant\img\dish\CHIKEN-TIKKAM-bkp.jpg","CHIKEN-TIKKAM-bkp.jpg","JPG","20.63","512","512"
"C:\Users\colle\saffron-restaurant\css\color\img\dish\22.jpg","22.jpg","JPG","20.54","272","194"
"C:\Users\colle\saffron-restaurant\img\dish\chikoo-shake.jpg","chikoo-shake.jpg","JPG","18.99","800","800"
"C:\Users\colle\saffron-restaurant\css\color\img\dish\28.jpg","28.jpg","JPG","18.9","282","259"
"C:\Users\colle\saffron-restaurant\css\color\img\client\1.png","1.png","PNG","18.5","100","100"
"C:\Users\colle\saffron-restaurant\css\color\img\dish\26.jpg","26.jpg","JPG","18.36","282","259"
"C:\Users\colle\saffron-restaurant\img\dish\goolab-jaamoon.jpg","goolab-jaamoon.jpg","JPG","18.32","800","800"
"C:\Users\colle\saffron-restaurant\css\color\img\dish\2.png","2.png","PNG","18.25","101","101"
"C:\Users\colle\saffron-restaurant\css\color\img\dish\12.jpg","12.jpg","JPG","17.61","272","194"
"C:\Users\colle\saffron-restaurant\img\dish\chicken-tandori-272.jpg","chicken-tandori-272.jpg","JPG","17.45","272","342"
"C:\Users\colle\saffron-restaurant\css\color\img\dish\18.jpg","18.jpg","JPG","17.28","272","194"
"C:\Users\colle\saffron-restaurant\css\color\img\dish\44.jpg","44.jpg","JPG","17.28","272","194"
"C:\Users\colle\saffron-restaurant\css\color\img\dish\21.jpg","21.jpg","JPG","17.23","272","194"
"C:\Users\colle\saffron-restaurant\css\color\img\about1-back.jpg","about1-back.jpg","JPG","17.2","636","673"
"C:\Users\colle\saffron-restaurant\css\color\img\client\3.png","3.png","PNG","16.4","100","100"
"C:\Users\colle\saffron-restaurant\img\dish\guava-shake.jpg","guava-shake.jpg","JPG","16.09","800","800"
"C:\Users\colle\saffron-restaurant\css\color\img\client\2.png","2.png","PNG","15.93","100","100"
"C:\Users\colle\saffron-restaurant\css\color\img\dish\42.jpg","42.jpg","JPG","15.93","272","194"
"C:\Users\colle\saffron-restaurant\css\color\img\dish\15.jpg","15.jpg","JPG","15.93","272","194"
"C:\Users\colle\saffron-restaurant\css\color\img\dish\14.jpg","14.jpg","JPG","15.73","272","194"
"C:\Users\colle\saffron-restaurant\css\color\img\brand\7.png","7.png","PNG","15.7","180","90"
"C:\Users\colle\saffron-restaurant\css\color\img\dish\20.jpg","20.jpg","JPG","15.2","272","194"
"C:\Users\colle\saffron-restaurant\img\single-recipe.jpg","single-recipe.jpg","JPG","15.05","880","516"
"C:\Users\colle\saffron-restaurant\vendor\slider\img\arrows3.png","arrows3.png","PNG","14.85","60","30"
"C:\Users\colle\saffron-restaurant\css\color\img\dish\10.png","10.png","PNG","14.77","101","101"
"C:\Users\colle\saffron-restaurant\img\dish\chicken-tandori-282.jpg","chicken-tandori-282.jpg","JPG","14.47","282","259"
"C:\Users\colle\saffron-restaurant\img\dish\non-veg-bir.jpg","non-veg-bir.jpg","JPG","14.32","225","225"
"C:\Users\colle\saffron-restaurant\img\dish\noodles.webp","noodles.webp","WEBP","13.95",,
"C:\Users\colle\saffron-restaurant\img\dish\shirmp-tikka.jpg","shirmp-tikka.jpg","JPG","13.76","225","225"
"C:\Users\colle\saffron-restaurant\img\client\back.png","back.png","PNG","13.25","1917","678"
"C:\Users\colle\saffron-restaurant\css\color\img\dish\43.jpg","43.jpg","JPG","13.17","272","194"
"C:\Users\colle\saffron-restaurant\css\color\img\dish\16.jpg","16.jpg","JPG","12.93","272","194"
"C:\Users\colle\saffron-restaurant\css\color\img\dish\9.png","9.png","PNG","12.87","101","101"
"C:\Users\colle\saffron-restaurant\css\color\img\dish\8.png","8.png","PNG","12.79","101","101"
"C:\Users\colle\saffron-restaurant\img\tasty-menu-back.png","tasty-menu-back.png","PNG","12.76","1920","1224"
"C:\Users\colle\saffron-restaurant\img\dish\noodles-bowl.jpg","noodles-bowl.jpg","JPG","12.2","225","225"
"C:\Users\colle\saffron-restaurant\img\client\left-back.jpg","left-back.jpg","JPG","11.97","739","645"
"C:\Users\colle\saffron-restaurant\img\dish\manchurian-bowl.jpg","manchurian-bowl.jpg","JPG","11.91","225","225"
"C:\Users\colle\saffron-restaurant\img\dish\lambKabab.jpg","lambKabab.jpg","JPG","11.63","225","225"
"C:\Users\colle\saffron-restaurant\img\blog\1.jpg","1.jpg","JPG","11.46","803","417"
"C:\Users\colle\saffron-restaurant\img\blog\4.jpg","4.jpg","JPG","11.46","803","417"
"C:\Users\colle\saffron-restaurant\img\blog\5.jpg","5.jpg","JPG","11.46","803","417"
"C:\Users\colle\saffron-restaurant\img\blog\3.jpg","3.jpg","JPG","11.46","803","417"
"C:\Users\colle\saffron-restaurant\img\blog\2.jpg","2.jpg","JPG","11.46","803","417"
"C:\Users\colle\saffron-restaurant\img\logo-122.png","logo-122.png","PNG","11.4","122","100"
"C:\Users\colle\saffron-restaurant\css\color\img\brand\9.png","9.png","PNG","11.31","180","90"
"C:\Users\colle\saffron-restaurant\css\color\img\dish\7.png","7.png","PNG","11.18","101","101"
"C:\Users\colle\saffron-restaurant\img\about1-back.jpg","about1-back.jpg","JPG","11.07","636","673"
"C:\Users\colle\saffron-restaurant\img\dish\single-menu1.jpg","single-menu1.jpg","JPG","10.86","739","428"
"C:\Users\colle\saffron-restaurant\img\dish\single-menu3.jpg","single-menu3.jpg","JPG","10.86","739","428"
"C:\Users\colle\saffron-restaurant\img\dish\single-menu4.jpg","single-menu4.jpg","JPG","10.86","739","428"
"C:\Users\colle\saffron-restaurant\img\dish\single-menu2.jpg","single-menu2.jpg","JPG","10.86","739","428"
"C:\Users\colle\saffron-restaurant\img\halal.jpg","halal.jpg","JPG","10.85","242","239"
"C:\Users\colle\saffron-restaurant\img\client\left-back2.jpg","left-back2.jpg","JPG","10.74","700","673"
"C:\Users\colle\saffron-restaurant\css\color\img\section-back-1.png","section-back-1.png","PNG","10.63","235","189"
"C:\Users\colle\saffron-restaurant\css\color\img\dish\4.png","4.png","PNG","10.03","91","89"
"C:\Users\colle\saffron-restaurant\css\color\img\about2-top-back.png","about2-top-back.png","PNG","9.9","1201","392"
"C:\Users\colle\saffron-restaurant\img\dish\bhel2.jpg","bhel2.jpg","JPG","9.67","300","168"
"C:\Users\colle\saffron-restaurant\img\contact-us.jpg","contact-us.jpg","JPG","9.44","326","154"
"C:\Users\colle\saffron-restaurant\img\client\contact-us.jpg","contact-us.jpg","JPG","9.44","326","154"
"C:\Users\colle\saffron-restaurant\css\color\img\dish\34.jpg","34.jpg","JPG","8.73","272","342"
"C:\Users\colle\saffron-restaurant\css\color\img\logo-white.png","logo-white.png","PNG","8.51","195","60"
"C:\Users\colle\saffron-restaurant\img\dish\saffron_chicken-101.png","saffron_chicken-101.png","PNG","8.4","101","101"
"C:\Users\colle\saffron-restaurant\img\chef\single-chef.jpg","single-chef.jpg","JPG","8.35","500","635"
"C:\Users\colle\saffron-restaurant\img\about1-banner2.jpg","about1-banner2.jpg","JPG","8.32","571","530"
"C:\Users\colle\saffron-restaurant\img\about1-banner1.jpg","about1-banner1.jpg","JPG","8.32","571","530"
"C:\Users\colle\saffron-restaurant\css\color\img\recipe-of-the-day2-banner.png","recipe-of-the-day2-banner.png","PNG","8.21","195","176"
"C:\Users\colle\saffron-restaurant\css\color\img\brand\10.png","10.png","PNG","8.19","180","90"
"C:\Users\colle\saffron-restaurant\css\color\img\dish\single-menu-tab1.jpg","single-menu-tab1.jpg","JPG","8.14","122","100"
"C:\Users\colle\saffron-restaurant\img\about2-top-back.png","about2-top-back.png","PNG","8.04","1201","392"
"C:\Users\colle\saffron-restaurant\css\color\img\brand\6.png","6.png","PNG","7.98","180","90"
"C:\Users\colle\saffron-restaurant\css\color\img\dish\single-menu-tab3.jpg","single-menu-tab3.jpg","JPG","7.88","122","100"
"C:\Users\colle\saffron-restaurant\css\color\img\dish\single-menu-tab4.jpg","single-menu-tab4.jpg","JPG","7.8","122","100"
"C:\Users\colle\saffron-restaurant\css\color\img\dish\5.png","5.png","PNG","7.78","91","88"
"C:\Users\colle\saffron-restaurant\css\color\img\dish\single-menu-tab2.jpg","single-menu-tab2.jpg","JPG","7.67","122","100"
"C:\Users\colle\saffron-restaurant\css\color\img\logo-color.png","logo-color.png","PNG","7.58","220","68"
"C:\Users\colle\saffron-restaurant\css\color\img\logo.png","logo.png","PNG","7.56","220","68"
"C:\Users\colle\saffron-restaurant\img\recipe-of-the-day-banner.jpg","recipe-of-the-day-banner.jpg","JPG","7.42","510","539"
"C:\Users\colle\saffron-restaurant\css\color\img\brand\4.png","4.png","PNG","7.23","180","90"
"C:\Users\colle\saffron-restaurant\img\dish\chicken-tandori-170.jpg","chicken-tandori-170.jpg","JPG","6.8","170","170"
"C:\Users\colle\saffron-restaurant\css\color\img\food-menu-bottom-right2.png","food-menu-bottom-right2.png","PNG","6.73","122","100"
"C:\Users\colle\saffron-restaurant\css\color\img\team\section-back.png","section-back.png","PNG","6.69","151","185"
"C:\Users\colle\saffron-restaurant\css\color\img\dish\6.png","6.png","PNG","6.67","91","75"
"C:\Users\colle\saffron-restaurant\img\dish\menu5-back3.jpg","menu5-back3.jpg","JPG","6.54","570","164"
"C:\Users\colle\saffron-restaurant\img\dish\menu5-back2.jpg","menu5-back2.jpg","JPG","6.54","570","164"
"C:\Users\colle\saffron-restaurant\img\dish\menu5-back1.jpg","menu5-back1.jpg","JPG","6.54","570","164"
"C:\Users\colle\saffron-restaurant\img\dish\menu5-back4.jpg","menu5-back4.jpg","JPG","6.54","570","164"
"C:\Users\colle\saffron-restaurant\css\color\img\brand\5.png","5.png","PNG","6.47","180","90"
"C:\Users\colle\saffron-restaurant\css\color\img\dish\3.png","3.png","PNG","6.45","91","74"
"C:\Users\colle\saffron-restaurant\css\color\img\brand\2.png","2.png","PNG","6.41","180","90"
"C:\Users\colle\saffron-restaurant\img\dish\manchurian.jpg","manchurian.jpg","JPG","6.29","170","170"
"C:\Users\colle\saffron-restaurant\img\dish\samosa-101.jpg","samosa-101.jpg","JPG","6.26","101","101"
"C:\Users\colle\saffron-restaurant\css\color\img\mobile-logo.png","mobile-logo.png","PNG","6.08","129","40"
"C:\Users\colle\saffron-restaurant\img\logo-119.png","logo-119.png","PNG","5.96","119","40"
"C:\Users\colle\saffron-restaurant\css\color\img\sidebar\2.jpg","2.jpg","JPG","5.83","93","83"
"C:\Users\colle\saffron-restaurant\css\color\img\dish\17.jpg","17.jpg","JPG","5.83","272","194"
"C:\Users\colle\saffron-restaurant\img\border.png","border.png","PNG","5.81","545","882"
"C:\Users\colle\saffron-restaurant\css\color\img\border.png","border.png","PNG","5.81","545","882"
"C:\Users\colle\saffron-restaurant\img\dish\Smoke-chicken-101.jpg","Smoke-chicken-101.jpg","JPG","5.79","101","101"
"C:\Users\colle\saffron-restaurant\img\dish\manchurian-101.jpg","manchurian-101.jpg","JPG","5.73","101","101"
"C:\Users\colle\saffron-restaurant\img\dish\chikken-tikka.jpg","chikken-tikka.jpg","JPG","5.73","170","170"
"C:\Users\colle\saffron-restaurant\css\color\img\sidebar\6.jpg","6.jpg","JPG","5.4","92","83"
"C:\Users\colle\saffron-restaurant\img\food-menu-back.png","food-menu-back.png","PNG","5.31","722","643"
"C:\Users\colle\saffron-restaurant\css\color\img\sidebar\4.jpg","4.jpg","JPG","5.29","93","83"
"C:\Users\colle\saffron-restaurant\css\color\img\sidebar\1.jpg","1.jpg","JPG","5.26","93","83"
"C:\Users\colle\saffron-restaurant\css\color\img\sidebar\5.jpg","5.jpg","JPG","5.25","93","83"
"C:\Users\colle\saffron-restaurant\css\color\img\sidebar\3.jpg","3.jpg","JPG","5.24","93","83"
"C:\Users\colle\saffron-restaurant\css\color\img\brand\3.png","3.png","PNG","5.01","180","90"
"C:\Users\colle\saffron-restaurant\img\team\3.jpg","3.jpg","JPG","4.89","370","522"
"C:\Users\colle\saffron-restaurant\img\team\1.jpg","1.jpg","JPG","4.89","370","522"
"C:\Users\colle\saffron-restaurant\img\team\2.jpg","2.jpg","JPG","4.89","370","522"
"C:\Users\colle\saffron-restaurant\vendor\OwlCarousel\owl.video.play.png","owl.video.play.png","PNG","4.86","80","80"
"C:\Users\colle\saffron-restaurant\css\color\img\sidebar\7.jpg","7.jpg","JPG","4.84","92","83"
"C:\Users\colle\saffron-restaurant\img\dish\veg-bir-101.jpg","veg-bir-101.jpg","JPG","4.84","101","101"
"C:\Users\colle\saffron-restaurant\img\dish\hakka.jpg","hakka.jpg","JPG","4.74","170","170"
"C:\Users\colle\saffron-restaurant\css\color\img\sidebar\8.jpg","8.jpg","JPG","4.72","92","83"
"C:\Users\colle\saffron-restaurant\css\color\img\brand\8.png","8.png","PNG","4.7","180","90"
"C:\Users\colle\saffron-restaurant\css\color\img\brand\1.png","1.png","PNG","4.56","180","90"
"C:\Users\colle\saffron-restaurant\css\color\img\signature.png","signature.png","PNG","4.5","165","81"
"C:\Users\colle\saffron-restaurant\img\chana-masala.jpg","chana-masala.jpg","JPG","4.49","170","170"
"C:\Users\colle\saffron-restaurant\img\dish\chana-masala.jpg","chana-masala.jpg","JPG","4.43","170","170"
"C:\Users\colle\saffron-restaurant\img\77x157.jpg","77x157.jpg","JPG","4.25","77","157"
"C:\Users\colle\saffron-restaurant\img\recipe-box2-3.jpg","recipe-box2-3.jpg","JPG","4.15","377","251"
"C:\Users\colle\saffron-restaurant\img\recipe-box2-2.jpg","recipe-box2-2.jpg","JPG","4.15","377","251"
"C:\Users\colle\saffron-restaurant\img\recipe-box2-1.jpg","recipe-box2-1.jpg","JPG","4.15","377","251"
"C:\Users\colle\saffron-restaurant\css\color\img\food-menu-bottom-left.png","food-menu-bottom-left.png","PNG","4.01","52","55"
"C:\Users\colle\saffron-restaurant\img\reservation2-back.png","reservation2-back.png","PNG","3.95","556","613"
"C:\Users\colle\saffron-restaurant\css\color\img\footer-blog1.jpg","footer-blog1.jpg","JPG","3.82","71","69"
"C:\Users\colle\saffron-restaurant\img\placeholder.png","placeholder.png","PNG","3.69","300","49"
"C:\Users\colle\saffron-restaurant\css\color\img\brand\back-logo.png","back-logo.png","PNG","3.59","88","88"
"C:\Users\colle\saffron-restaurant\img\dish\chicken-tandori-122.jpg","chicken-tandori-122.jpg","JPG","3.53","122","100"
"C:\Users\colle\saffron-restaurant\css\color\img\footer-blog2.jpg","footer-blog2.jpg","JPG","3.52","71","69"
"C:\Users\colle\saffron-restaurant\img\dish\26.jpg","26.jpg","JPG","3.44","282","259"
"C:\Users\colle\saffron-restaurant\img\dish\27.jpg","27.jpg","JPG","3.44","282","259"
"C:\Users\colle\saffron-restaurant\img\dish\24.jpg","24.jpg","JPG","3.44","282","259"
"C:\Users\colle\saffron-restaurant\img\dish\25.jpg","25.jpg","JPG","3.44","282","259"
"C:\Users\colle\saffron-restaurant\img\dish\23.jpg","23.jpg","JPG","3.44","282","259"
"C:\Users\colle\saffron-restaurant\img\dish\29.jpg","29.jpg","JPG","3.44","282","259"
"C:\Users\colle\saffron-restaurant\img\dish\30.jpg","30.jpg","JPG","3.44","282","259"
"C:\Users\colle\saffron-restaurant\img\dish\28.jpg","28.jpg","JPG","3.44","282","259"
"C:\Users\colle\saffron-restaurant\img\dish\reshmi-101.jpg","reshmi-101.jpg","JPG","3.28","101","101"
"C:\Users\colle\saffron-restaurant\img\dish\bhel-puri-101.jpg","bhel-puri-101.jpg","JPG","3.27","101","101"
"C:\Users\colle\saffron-restaurant\img\dish\40.jpg","40.jpg","JPG","3.24","272","342"
"C:\Users\colle\saffron-restaurant\img\dish\41.jpg","41.jpg","JPG","3.24","272","342"
"C:\Users\colle\saffron-restaurant\img\dish\39.jpg","39.jpg","JPG","3.24","272","342"
"C:\Users\colle\saffron-restaurant\img\dish\35.jpg","35.jpg","JPG","3.24","272","342"
"C:\Users\colle\saffron-restaurant\img\dish\34.jpg","34.jpg","JPG","3.24","272","342"
"C:\Users\colle\saffron-restaurant\img\dish\33.jpg","33.jpg","JPG","3.24","272","342"
"C:\Users\colle\saffron-restaurant\img\dish\32.jpg","32.jpg","JPG","3.24","272","342"
"C:\Users\colle\saffron-restaurant\img\dish\31.jpg","31.jpg","JPG","3.24","272","342"
"C:\Users\colle\saffron-restaurant\img\dish\37.jpg","37.jpg","JPG","3.24","272","342"
"C:\Users\colle\saffron-restaurant\img\dish\36.jpg","36.jpg","JPG","3.24","272","342"
"C:\Users\colle\saffron-restaurant\img\dish\38.jpg","38.jpg","JPG","3.24","272","342"
"C:\Users\colle\saffron-restaurant\vendor\OwlCarousel\ajax-loader.gif","ajax-loader.gif","GIF","3.13","32","32"
"C:\Users\colle\saffron-restaurant\vendor\slider\img\bullets-2.png","bullets-2.png","PNG","3.07","8","27"
"C:\Users\colle\saffron-restaurant\img\dish\lamb-Boti-Kabab-101.jpg","lamb-Boti-Kabab-101.jpg","JPG","3.06","101","101"
"C:\Users\colle\saffron-restaurant\vendor\slider\img\arrows-2.png","arrows-2.png","PNG","3.02","35","8"
"C:\Users\colle\saffron-restaurant\img\dish\chiken-tandoori.jpg","chiken-tandoori.jpg","JPG","3.02","101","101"
"C:\Users\colle\saffron-restaurant\css\color\img\food-menu-bottom-right.png","food-menu-bottom-right.png","PNG","2.98","48","39"
"C:\Users\colle\saffron-restaurant\css\color\img\footer-blog3.jpg","footer-blog3.jpg","JPG","2.98","71","69"
"C:\Users\colle\saffron-restaurant\img\chef\1-old.png","1-old.png","PNG","2.97","470","472"
"C:\Users\colle\saffron-restaurant\img\dish\43.jpg","43.jpg","JPG","2.92","272","194"
"C:\Users\colle\saffron-restaurant\img\dish\44.jpg","44.jpg","JPG","2.92","272","194"
"C:\Users\colle\saffron-restaurant\img\dish\15.jpg","15.jpg","JPG","2.92","272","194"
"C:\Users\colle\saffron-restaurant\img\dish\16.jpg","16.jpg","JPG","2.92","272","194"
"C:\Users\colle\saffron-restaurant\img\dish\17.jpg","17.jpg","JPG","2.92","272","194"
"C:\Users\colle\saffron-restaurant\img\dish\11.jpg","11.jpg","JPG","2.92","272","194"
"C:\Users\colle\saffron-restaurant\img\dish\12.jpg","12.jpg","JPG","2.92","272","194"
"C:\Users\colle\saffron-restaurant\img\dish\13.jpg","13.jpg","JPG","2.92","272","194"
"C:\Users\colle\saffron-restaurant\img\dish\14.jpg","14.jpg","JPG","2.92","272","194"
"C:\Users\colle\saffron-restaurant\img\dish\19.jpg","19.jpg","JPG","2.92","272","194"
"C:\Users\colle\saffron-restaurant\img\dish\18.jpg","18.jpg","JPG","2.92","272","194"
"C:\Users\colle\saffron-restaurant\img\dish\21.jpg","21.jpg","JPG","2.92","272","194"
"C:\Users\colle\saffron-restaurant\img\dish\42.jpg","42.jpg","JPG","2.92","272","194"
"C:\Users\colle\saffron-restaurant\img\dish\20.jpg","20.jpg","JPG","2.92","272","194"
"C:\Users\colle\saffron-restaurant\img\dish\22.jpg","22.jpg","JPG","2.92","272","194"
"C:\Users\colle\saffron-restaurant\css\color\img\recipe-of-the-day.png","recipe-of-the-day.png","PNG","2.81","77","157"
"C:\Users\colle\saffron-restaurant\css\font2\Flaticon.svg","Flaticon.svg","SVG","2.79",,
"C:\Users\colle\saffron-restaurant\img\dish\chikken-tikka-101.jpg","chikken-tikka-101.jpg","JPG","2.61","101","101"
"C:\Users\colle\saffron-restaurant\img\reservation-banner.png","reservation-banner.png","PNG","2.43","325","524"
"C:\Users\colle\saffron-restaurant\css\color\img\about2-top-icon-back.png","about2-top-icon-back.png","PNG","2.42","142","83"
"C:\Users\colle\saffron-restaurant\img\dish\hakka-101.jpg","hakka-101.jpg","JPG","2.23","101","101"
"C:\Users\colle\saffron-restaurant\css\color\img\favicon.png","favicon.png","PNG","2.21","36","36"
"C:\Users\colle\saffron-restaurant\img\dish\chana-masala-101.jpg","chana-masala-101.jpg","JPG","2.13","101","101"
"C:\Users\colle\saffron-restaurant\img\section-back-1.png","section-back-1.png","PNG","2.12","235","189"
"C:\Users\colle\saffron-restaurant\img\about1-bottom-back.png","about1-bottom-back.png","PNG","2.08","1472","82"
"C:\Users\colle\saffron-restaurant\img\client\cl3.jpg","cl3.jpg","JPG","1.99","100","100"
"C:\Users\colle\saffron-restaurant\img\client\cl4.jpg","cl4.jpg","JPG","1.98","100","100"
"C:\Users\colle\saffron-restaurant\css\color\img\map-marker.png","map-marker.png","PNG","1.87","30","53"
"C:\Users\colle\saffron-restaurant\vendor\slider\img\loading-2.gif","loading-2.gif","GIF","1.7","16","16"
"C:\Users\colle\saffron-restaurant\vendor\slider\img\loading.gif","loading.gif","GIF","1.7","16","16"
"C:\Users\colle\saffron-restaurant\img\preloader.gif","preloader.gif","GIF","1.68","300","49"
"C:\Users\colle\saffron-restaurant\img\logo-color.png","logo-color.png","PNG","1.67","220","68"
"C:\Users\colle\saffron-restaurant\img\logo_old.png","logo_old.png","PNG","1.67","220","68"
"C:\Users\colle\saffron-restaurant\img\recipe-of-the-day2-banner.png","recipe-of-the-day2-banner.png","PNG","1.58","195","176"
"C:\Users\colle\saffron-restaurant\img\logo-white.png","logo-white.png","PNG","1.57","195","60"
"C:\Users\colle\saffron-restaurant\img\brand\5.png","5.png","PNG","1.5","180","90"
"C:\Users\colle\saffron-restaurant\img\brand\4.png","4.png","PNG","1.5","180","90"
"C:\Users\colle\saffron-restaurant\img\brand\3.png","3.png","PNG","1.5","180","90"
"C:\Users\colle\saffron-restaurant\img\brand\2.png","2.png","PNG","1.5","180","90"
"C:\Users\colle\saffron-restaurant\img\brand\9.png","9.png","PNG","1.5","180","90"
"C:\Users\colle\saffron-restaurant\img\brand\1.png","1.png","PNG","1.5","180","90"
"C:\Users\colle\saffron-restaurant\img\brand\10.png","10.png","PNG","1.5","180","90"
"C:\Users\colle\saffron-restaurant\img\brand\6.png","6.png","PNG","1.5","180","90"
"C:\Users\colle\saffron-restaurant\img\brand\8.png","8.png","PNG","1.5","180","90"
"C:\Users\colle\saffron-restaurant\img\brand\7.png","7.png","PNG","1.5","180","90"
"C:\Users\colle\saffron-restaurant\img\client\cl2.jpg","cl2.jpg","JPG","1.45","100","100"
"C:\Users\colle\saffron-restaurant\vendor\slider\img\right-arrow.png","right-arrow.png","PNG","1.44","23","43"
"C:\Users\colle\saffron-restaurant\vendor\slider\img\left-arrow.png","left-arrow.png","PNG","1.43","23","43"
"C:\Users\colle\saffron-restaurant\img\signature.png","signature.png","PNG","1.42","165","81"
"C:\Users\colle\saffron-restaurant\img\about2-top-icon-back.png","about2-top-icon-back.png","PNG","1.29","142","83"
"C:\Users\colle\saffron-restaurant\vendor\slider\img\bullets.png","bullets.png","PNG","1.25","22","40"
"C:\Users\colle\saffron-restaurant\img\mobile-logo.png","mobile-logo.png","PNG","1.07","129","40"
"C:\Users\colle\saffron-restaurant\img\team\section-back.png","section-back.png","PNG","1.06","151","185"
"C:\Users\colle\saffron-restaurant\img\dish\1.png","1.png","PNG","1.02","170","170"
"C:\Users\colle\saffron-restaurant\img\dish\6.png","6.png","PNG","0.98","91","75"
"C:\Users\colle\saffron-restaurant\img\dish\4.png","4.png","PNG","0.96","91","89"
"C:\Users\colle\saffron-restaurant\img\dish\5.png","5.png","PNG","0.95","91","88"
"C:\Users\colle\saffron-restaurant\img\dish\3.png","3.png","PNG","0.95","91","74"
"C:\Users\colle\saffron-restaurant\img\dish\single-menu-tab2.jpg","single-menu-tab2.jpg","JPG","0.86","122","100"
"C:\Users\colle\saffron-restaurant\img\dish\single-menu-tab4.jpg","single-menu-tab4.jpg","JPG","0.86","122","100"
"C:\Users\colle\saffron-restaurant\img\dish\single-menu-tab3.jpg","single-menu-tab3.jpg","JPG","0.86","122","100"
"C:\Users\colle\saffron-restaurant\img\dish\single-menu-tab1.jpg","single-menu-tab1.jpg","JPG","0.86","122","100"
"C:\Users\colle\saffron-restaurant\img\sidebar\7.jpg","7.jpg","JPG","0.85","92","83"
"C:\Users\colle\saffron-restaurant\img\sidebar\8.jpg","8.jpg","JPG","0.85","92","83"
"C:\Users\colle\saffron-restaurant\img\sidebar\6.jpg","6.jpg","JPG","0.85","92","83"
"C:\Users\colle\saffron-restaurant\img\food-menu-bottom-right2.png","food-menu-bottom-right2.png","PNG","0.83","122","100"
"C:\Users\colle\saffron-restaurant\img\sidebar\3.jpg","3.jpg","JPG","0.81","93","83"
"C:\Users\colle\saffron-restaurant\img\sidebar\5.jpg","5.jpg","JPG","0.81","93","83"
"C:\Users\colle\saffron-restaurant\img\sidebar\1.jpg","1.jpg","JPG","0.81","93","83"
"C:\Users\colle\saffron-restaurant\img\sidebar\2.jpg","2.jpg","JPG","0.81","93","83"
"C:\Users\colle\saffron-restaurant\img\sidebar\4.jpg","4.jpg","JPG","0.81","93","83"
"C:\Users\colle\saffron-restaurant\img\brand\back-logo.png","back-logo.png","PNG","0.68","88","88"
"C:\Users\colle\saffron-restaurant\img\food-menu-bottom-right.png","food-menu-bottom-right.png","PNG","0.67","48","39"
"C:\Users\colle\saffron-restaurant\img\dish\10.png","10.png","PNG","0.64","101","101"
"C:\Users\colle\saffron-restaurant\img\dish\9.png","9.png","PNG","0.64","101","101"
"C:\Users\colle\saffron-restaurant\img\client\1.png","1.png","PNG","0.64","100","100"
"C:\Users\colle\saffron-restaurant\img\client\3.png","3.png","PNG","0.64","100","100"
"C:\Users\colle\saffron-restaurant\img\dish\7.png","7.png","PNG","0.64","101","101"
"C:\Users\colle\saffron-restaurant\img\dish\8.png","8.png","PNG","0.64","101","101"
"C:\Users\colle\saffron-restaurant\img\client\2.png","2.png","PNG","0.64","100","100"
"C:\Users\colle\saffron-restaurant\img\dish\2.png","2.png","PNG","0.64","101","101"
"C:\Users\colle\saffron-restaurant\img\recipe-of-the-day.png","recipe-of-the-day.png","PNG","0.63","77","157"
"C:\Users\colle\saffron-restaurant\img\footer-blog3.jpg","footer-blog3.jpg","JPG","0.6","71","69"
"C:\Users\colle\saffron-restaurant\img\footer-blog1.jpg","footer-blog1.jpg","JPG","0.6","71","69"
"C:\Users\colle\saffron-restaurant\img\footer-blog2.jpg","footer-blog2.jpg","JPG","0.6","71","69"
"C:\Users\colle\saffron-restaurant\img\food-menu-bottom-left.png","food-menu-bottom-left.png","PNG","0.54","52","55"
"C:\Users\colle\saffron-restaurant\img\favicon.png","favicon.png","PNG","0.47","36","36"
"C:\Users\colle\saffron-restaurant\img\map-marker.png","map-marker.png","PNG","0.35","30","53"
